﻿<?xml version="1.0" encoding="utf-8" ?>
<!-- 配置票据扫描时，左侧的票据操作类型 -->
<NoteOperMenuGroup>
  <NoteOperMenu>
    <!-- 名称 -->
    <Name>录入扫描</Name>
    <!-- 是否显示 -->
    <Radio>true</Radio>
    <!-- 对应接口参数类型 -->
    <ParaName>uploadType</ParaName>
    <!-- 对应接口参数名称 -->
    <ParaVal>1</ParaVal>
  </NoteOperMenu>
  <NoteOperMenu>
    <Name>勾选扫描</Name>
    <Radio>true</Radio>
    <ParaName>uploadType</ParaName>
    <ParaVal>2</ParaVal>
  </NoteOperMenu>
</NoteOperMenuGroup>